Поле;Значение
Адрес МКД (address);191119, Санкт-Петербург г, ул. Боровая, д. 3, литер А
Почтовый индекс (postal_code);191119
Код субъекта РФ (region_code);78
Кадастровый номер МКД (cadastral_number);78:31:0001693:2005
GUID дома (house_guid);477f9398-36b6-4d10-91e6-eedac4e6a0e5
GUID дома по ФИАС (fias_house_guid);c702bba3-1145-4af8-9b86-5dd916e5142a
Код адреса в ГИС ЖКХ (gis_address_code);
ОКТМО (oktmo);40913000
Способ управления (management_type);УО
Управляющая организация (org_name);"ОБЩЕСТВО С ОГРАНИЧЕННОЙ ОТВЕТСТВЕННОСТЬЮ ""ЖИЛКОМСЕРВИС № 2 ЦЕНТРАЛЬНОГО РАЙОНА"""
ОГРН УО (org_ogrn);1089847181148
КПП УО (org_kpp);784001001
Тип дома (house_type);Многоквартирный
Состояние (house_state);Исправный
Общая площадь, м² (total_area);3256,7000
Жилая площадь, м² (living_area);2773,8
Дата сноса (demolition_date);
КВ — квартир;26
НЖ — нежилых;6
ММ — машино-мест;0
ОИ — общее имущество;4
ЛК;0
ЧКВ — комнат;4
ERR — не подошло ни одно правило;0
