Столбец1;Столбец2;Столбец3;Столбец4;Столбец5;Столбец6;Столбец7;Столбец8;Столбец9;Столбец10;Столбец11;Столбец12
Статус (status);Адрес помещения (premise_address);№ помещения;№ комнаты;Тип помещения (premise_type);Кадастровый номер;Кадномер МКД ;ID-FIAS (fias_id);GUID помещения (premise_guid);GUID комнаты (room_guid);;
МКД;Санкт-Петербург г, ул. Боровая, д. 3, литер А;;;;78:31:0001693:2005;78:31:0001693:2005;477f9398-36b6-4d10-91e6-eedac4e6a0e5;;;;
КВ;Санкт-Петербург г, ул. Боровая, д. 3, литер А, кв. 3;3;;Жилое;78:31:0001693:2027;78:31:0001693:2005;9081e812-1653-4379-9f62-374b6619ca10;9081e812-1653-4379-9f62-374b6619ca10;;;
КВ;Санкт-Петербург г, ул. Боровая, д. 3, литер А, кв. 4;4;;Жилое;78:31:0001693:2028;78:31:0001693:2005;f6e16916-37b7-43a5-a175-4a4211343680;f6e16916-37b7-43a5-a175-4a4211343680;;;
КВ;Санкт-Петербург г, ул. Боровая, д. 3, литер А, кв. 5;5;;Жилое;78:31:0001693:2029;78:31:0001693:2005;81500894-dc5a-44f6-8548-d297896fbf91;81500894-dc5a-44f6-8548-d297896fbf91;;;
КВ;Санкт-Петербург г, ул. Боровая, д. 3, литер А, кв. 6;6;;Жилое;78:31:0001693:2030;78:31:0001693:2005;92425a01-9d41-4f13-9f5b-c0bff02e7892;92425a01-9d41-4f13-9f5b-c0bff02e7892;;;
КВ;Санкт-Петербург г, ул. Боровая, д. 3, литер А, кв. 7;7;;Жилое;78:31:0001693:2031;78:31:0001693:2005;50b3b594-3d85-4b00-ad24-08350410a6f6;50b3b594-3d85-4b00-ad24-08350410a6f6;;;
КВ;Санкт-Петербург г, ул. Боровая, д. 3, литер А, кв. 8;8;;Жилое;78:31:0001693:2036;78:31:0001693:2005;d844d18a-9d1e-4812-8514-c5b267fc6dbe;d844d18a-9d1e-4812-8514-c5b267fc6dbe;;;
КВ;Санкт-Петербург г, ул. Боровая, д. 3, литер А, кв. 9;9;;Жилое;78:31:0001693:2037;78:31:0001693:2005;0a87ea45-cdf4-4a23-b67d-a69f1648d4cd;0a87ea45-cdf4-4a23-b67d-a69f1648d4cd;;;
КВ;Санкт-Петербург г, ул. Боровая, д. 3, литер А, кв. 10;10;;Жилое;78:31:0001693:2032;78:31:0001693:2005;814e102a-a8a2-4572-ad40-11eff88d4b70;814e102a-a8a2-4572-ad40-11eff88d4b70;;;
КВ;Санкт-Петербург г, ул. Боровая, д. 3, литер А, кв. 11;11;;Жилое;78:31:0001693:2033;78:31:0001693:2005;6575f23f-c9f1-4838-a27e-3d1006bb5ca2;6575f23f-c9f1-4838-a27e-3d1006bb5ca2;;;
КВ;Санкт-Петербург г, ул. Боровая, д. 3, литер А, кв. 12;12;;Жилое;78:31:0001693:2034;78:31:0001693:2005;38333324-f5a5-4cec-b7e2-e828f78aff1e;38333324-f5a5-4cec-b7e2-e828f78aff1e;;;
КВ;Санкт-Петербург г, ул. Боровая, д. 3, литер А, кв. 13;13;;Жилое;78:31:0001693:2049;78:31:0001693:2005;13710d3a-4bdb-4174-bfbd-f40fe4268881;13710d3a-4bdb-4174-bfbd-f40fe4268881;;;
КВ;Санкт-Петербург г, ул. Боровая, д. 3, литер А, кв. 14;14;;Жилое;78:31:0001693:2038;78:31:0001693:2005;530af0b7-89c9-46ca-8642-f585837a8d70;530af0b7-89c9-46ca-8642-f585837a8d70;;;
КВ;Санкт-Петербург г, ул. Боровая, д. 3, литер А, кв. 15;15;;Жилое;78:31:0001693:2039;78:31:0001693:2005;d6202ea9-9b17-4fa8-86a2-13138a684a96;d6202ea9-9b17-4fa8-86a2-13138a684a96;;;
КВ;Санкт-Петербург г, ул. Боровая, д. 3, литер А, кв. 16;16;;Жилое;78:31:0001693:2040;78:31:0001693:2005;79967fd9-37c2-48a7-8d6f-0f89b2cc2ffb;79967fd9-37c2-48a7-8d6f-0f89b2cc2ffb;;;
КВ;Санкт-Петербург г, ул. Боровая, д. 3, литер А, кв. 17;17;;Жилое;78:31:0001693:2041;78:31:0001693:2005;5c69da8d-98a7-46ed-a1f9-23b69c04368c;5c69da8d-98a7-46ed-a1f9-23b69c04368c;;;
КВ;Санкт-Петербург г, ул. Боровая, д. 3, литер А, кв. 18;18;;Жилое;78:31:0001693:2042;78:31:0001693:2005;10ba20d5-8a62-4a59-b3fa-245c8a969173;10ba20d5-8a62-4a59-b3fa-245c8a969173;;;
КВ;Санкт-Петербург г, ул. Боровая, д. 3, литер А, кв. 19;19;;Жилое;78:31:0001693:2044;78:31:0001693:2005;07fef0d6-ecb7-4f03-8bde-f6a9c4a1d2ee;07fef0d6-ecb7-4f03-8bde-f6a9c4a1d2ee;;;
КВ;Санкт-Петербург г, ул. Боровая, д. 3, литер А, кв. 20;20;;Жилое;78:31:0001693:2045;78:31:0001693:2005;acf5754f-dcd3-4dd3-bc4d-2f0b787bfebf;acf5754f-dcd3-4dd3-bc4d-2f0b787bfebf;;;
КВ;Санкт-Петербург г, ул. Боровая, д. 3, литер А, кв. 21;21;;Жилое;78:31:0001693:2046;78:31:0001693:2005;0dedffa1-2d02-4738-91a9-fcfbd8d540ed;0dedffa1-2d02-4738-91a9-fcfbd8d540ed;;;
КВ;Санкт-Петербург г, ул. Боровая, д. 3, литер А, кв. 22;22;;Жилое;78:31:0001693:2047;78:31:0001693:2005;5eb8e30a-f8ef-4fd1-9014-c3a4ebf5fc96;5eb8e30a-f8ef-4fd1-9014-c3a4ebf5fc96;;;
КВ;Санкт-Петербург г, ул. Боровая, д. 3, литер А, кв. 24;24;;Жилое;78:31:0001693:2050;78:31:0001693:2005;45a8b6c9-c1ab-40e7-a930-5c741744237d;45a8b6c9-c1ab-40e7-a930-5c741744237d;;;
КВ;Санкт-Петербург г, ул. Боровая, д. 3, литер А, кв. 25;25;;Жилое;78:31:0001693:2051;78:31:0001693:2005;5e928d48-e42d-44e5-8e67-cb36fd789ad8;5e928d48-e42d-44e5-8e67-cb36fd789ad8;;;
КВ;Санкт-Петербург г, ул. Боровая, д. 3, литер А, кв. 26;26;;Жилое;78:31:0001693:2052;78:31:0001693:2005;083acadf-a8d9-459a-9fde-7486c954aba0;083acadf-a8d9-459a-9fde-7486c954aba0;;;
КВ;Санкт-Петербург г, ул. Боровая, д. 3, литер А, кв. 27;27;;Жилое;78:31:0001693:2035;78:31:0001693:2005;691e5914-310c-4fa5-b38c-e5951ecc16c3;691e5914-310c-4fa5-b38c-e5951ecc16c3;;;
КВ;Санкт-Петербург г, ул. Боровая, д. 3, литер А, кв. 28;28;;Жилое;78:31:0001693:2043;78:31:0001693:2005;3a2d5eeb-a0f4-4795-818c-4be27222db1a;3a2d5eeb-a0f4-4795-818c-4be27222db1a;;;
КВ;Санкт-Петербург г, ул. Боровая, д. 3, литер А, кв. 29;29;;Жилое;78:31:0001693:2048;78:31:0001693:2005;f1d3e2b5-cf55-41a9-a85e-653b953c5ddd;f1d3e2b5-cf55-41a9-a85e-653b953c5ddd;;;
НЖ;Санкт-Петербург г, ул. Боровая, д. 3, литер А, пом. 1-Н;1-Н;;Нежилое;78:31:0001693:2565;78:31:0001693:2005;01a0b3bb-bc05-719e-9190-e151f3af590e;01a0b3bb-bc05-719e-9190-e151f3af590e;;;
НЖ;Санкт-Петербург г, ул. Боровая, д. 3, литер А, пом. 2-Н;2-Н;;Нежилое;78:31:0001693:2566;78:31:0001693:2005;8eeca2af-80b1-4450-a846-1193e65dbc5b;8eeca2af-80b1-4450-a846-1193e65dbc5b;;;
НЖ;Санкт-Петербург г, ул. Боровая, д. 3, литер А, пом. 4-Н;4-Н;;Нежилое;78:31:0001693:2567;78:31:0001693:2005;190d318f-dce1-4a07-9653-621b2c17ba8b;190d318f-dce1-4a07-9653-621b2c17ba8b;;;
НЖ;Санкт-Петербург г, ул. Боровая, д. 3, литер А, пом. 5-Н;5-Н;;Нежилое;78:31:0001693:2568;78:31:0001693:2005;01a0b3bb-bec7-7474-ba01-f28f385022fa;01a0b3bb-bec7-7474-ba01-f28f385022fa;;;
НЖ;Санкт-Петербург г, ул. Боровая, д. 3, литер А, пом. 6-н;6-н;;Нежилое;78:31:0001693:2569;78:31:0001693:2005;159cf89a-5a0c-4a65-a426-8f5860647c54;159cf89a-5a0c-4a65-a426-8f5860647c54;;;
НЖ;Санкт-Петербург г, ул. Боровая, д. 3, литер А, пом. 7-Н;7-Н;;Нежилое;78:31:0001693:2570;78:31:0001693:2005;77876b6d-3817-43e1-9d3f-6b2d8a2c904f;77876b6d-3817-43e1-9d3f-6b2d8a2c904f;;;
ОИ;Санкт-Петербург г, ул. Боровая, д. 3, литер А, пом. 2Н;2Н;;Нежилое;;78:31:0001693:2005;d5b85417-37ab-4b72-97cc-3e2e46dbb2b4;d5b85417-37ab-4b72-97cc-3e2e46dbb2b4;;;
ОИ;Санкт-Петербург г, ул. Боровая, д. 3, литер А, пом. 4Н;4Н;;Нежилое;;78:31:0001693:2005;d0526c2e-3815-41e4-ae7e-d7aec7cb51fa;d0526c2e-3815-41e4-ae7e-d7aec7cb51fa;;;
ОИ;Санкт-Петербург г, ул. Боровая, д. 3, литер А, пом. 6Н;6Н;;Нежилое;;78:31:0001693:2005;b4153854-df92-4b69-adb5-5a71e3ae8112;b4153854-df92-4b69-adb5-5a71e3ae8112;;;
ОИ;Санкт-Петербург г, ул. Боровая, д. 3, литер А, пом. 7Н;7Н;;Нежилое;;78:31:0001693:2005;1a930caa-7a4b-4002-81cd-f155c461183b;1a930caa-7a4b-4002-81cd-f155c461183b;;;
ЧКВ;Санкт-Петербург г, ул. Боровая, д. 3, литер А, кв. 7, ком. 1;7;1;Жилое;;78:31:0001693:2005;f955a059-7c0b-4351-b3d0-d5059e816e28;50b3b594-3d85-4b00-ad24-08350410a6f6;f955a059-7c0b-4351-b3d0-d5059e816e28;;
ЧКВ;Санкт-Петербург г, ул. Боровая, д. 3, литер А, кв. 7, ком. 2;7;2;Жилое;;78:31:0001693:2005;16fd31e9-a1c5-4864-8837-25f2cbbe153b;50b3b594-3d85-4b00-ad24-08350410a6f6;16fd31e9-a1c5-4864-8837-25f2cbbe153b;;
ЧКВ;Санкт-Петербург г, ул. Боровая, д. 3, литер А, кв. 7, ком. 3;7;3;Жилое;;78:31:0001693:2005;1b991036-9d69-4aad-bfe9-53fcbf6e60f5;50b3b594-3d85-4b00-ad24-08350410a6f6;1b991036-9d69-4aad-bfe9-53fcbf6e60f5;;
ЧКВ;Санкт-Петербург г, ул. Боровая, д. 3, литер А, кв. 7, ком. 4;7;4;Жилое;;78:31:0001693:2005;2f46567d-8ae0-4b16-9e4f-5ed198c007e0;50b3b594-3d85-4b00-ad24-08350410a6f6;2f46567d-8ae0-4b16-9e4f-5ed198c007e0;;
